_id,category,id,title,description,duration,fullLength,publishedDate,numberOfPlays,isCatchUp,program
103855,science,103855,Histoires des Savoirs: La science et le quotidien,,192937,true,2009-10-08T16:05:00Z,85,false,Le court du jour
125058,science,125058,"NE/""Science et Cité"": le Muséum d'histoire naturelle propose un voyage dans notre conscience","Le Muséum organise une visite sous divers points de vue des Caves du Palais de Neuchâtel, fermées depuis les années '70. De la vision de l'architecte à celle de l'historien en passant par l'ethnologue et le zoologiste, cette visite nous fait réfléchir au fonctionnement de la conscience humaine",141250,false,2005-05-19T17:30:00Z,1,false,19h30
1470361,science,1470361,La revue Science décrit une créature baptisée Ardi qui serait à la limite de notre espèce,,107917,false,2009-10-02T17:30:00Z,627,false,19h30
1478791,science,1478791,Autriche: l'homme bionique n'est plus entièrement de la science-fiction,"Christian, un jeune Autrichien de dix-huit ans, avait perdu les deux bras après s'être grièvement brûlé au contact d'une ligne à haute tension. Grâce à des prothèses répondant directement à son influx nerveux, il est de nouveau capable d'exécuter des gestes quotidiens.",95667,false,2007-11-14T18:30:00Z,831,false,19h30
1481804,science,1481804,Nuit de la science à Genève: des centaines de scientifiques rivalisent d'imagination pour présenter leur vision du temps,,99417,false,2008-07-05T17:30:00Z,345,false,19h30
1571218,science,1571218,Genève: spectacles et autodérision ce weekend à l'occasion de la nuit de la science,"Pour sa 6e édition, la Nuit de la science s'étale sur tout le weekend à Genève. De jour comme de nuit, les visiteurs peuvent découvrir quantités d'animations et de visites guidées.",124167,false,2006-07-08T17:30:00Z,19,false,19h30
1584121,science,1584121,L'EPFL publie un nouveau magazine consacré à la science et à l'innovation,"Baptisée «Reflex», cette publication de 80 pages sera vendue en kiosque. Elle est réalisée par l'agence de presse indépendante Largeur.com. Une édition en anglais est également prévue.",86000,false,2006-12-12T18:30:00Z,117,false,19h30
1729152,science,1729152,La science et le quotidien: Nos amies les bactéries,,201950,true,2010-03-30T16:05:00Z,0,false,
1758401,science,1758401,La science et le quotidien: Les nanos sont parmi nous,,209150,true,2010-03-29T16:05:00Z,62,false,
1762881,geographie,1762881,"La recherche, une passion - Bernhard Fuhrer: La géographie économique",,189653,true,2010-04-01T16:00:00Z,92,false,Le court du jour
2021410,science,2021410,La science est aussi au service du sport et des athlètes,,155334,false,2010-05-24T20:50:00Z,1376,false,Sport dernière
2259448,science,2259448,Genève: la Nuit de la science a eu lieu ce week-end,,84600,false,2010-07-11T17:30:00Z,1619,false,Le journal du Dimanche
2426,science,2426,La genèse face à la science,,3662008,true,2006-05-21T08:00:00Z,219,false,Culte et messe
2536744,science,2536744,"La foire de Fribourg, qui ouvre ses portes vendredi, accueille la première convention de science-fiction et fantastique de Suisse","A quelques heures de l'ouverture, les exposants apportent la touche finale à leur stand. Près de 100'000 visiteurs sont attendus.",113720,false,2010-10-01T10:45:00Z,751,false,12h45
2553313,science,2553313,"D'abord utilisée pour des films de science-fiction, la réalité augmentée a fait son entrée au Musée d'archéologie de Bienne",,143680,false,2010-10-05T10:45:00Z,367,false,12h45
2660106,science,2660106,Science Technologie: Qui nous brouille l'écoute ?,,851400,false,2010-11-05T15:41:49Z,298,false,Découverte
3000831,science,3000831,TSRdécouverte: comment inciter les enfants à se plonger dans les mystères de la science?,,157320,false,2011-03-07T11:45:00Z,1559,false,12h45
3151191,geographie,3151191,Un projet pilote visant à créer un chemin pédestre en pleine nature à la place des cours de géographie est mené dans le Jura bernois,L'objectif est de préparer les élèves de 9e année à entrer sur le marché du travail avec un projet concret.,140280,false,2011-05-18T16:55:00Z,428,false,Couleurs locales
3153160,geographie,3153160,Accidents d’avions: y a-t-il une géographie du risque?,,938600,true,2011-05-29T10:15:00Z,5241,false,Geopolitis
3177734,science,3177734,"4. La chimie, derrière toute la science?",,60320,false,2011-05-31T08:33:46Z,52,false,Découverte
3186566,science,3186566,La science à l'épreuve des croyances,"A l'occasion de l'exposition «Sacrée science» au Museum de Neuchâtel, enquête sur les croyances des scientifiques. Avec Giorgio Margaritondo, professeur et chercheur en physique, EPFL, et Roland Benz, théologien et physicien.",753160,false,2011-06-04T11:10:00Z,1150,false,Faut pas croire
3186570,science,3186570,La science à l'épreuve des croyances,"A l'occasion de l'exposition «Sacrée science» au Museum de Neuchâtel, enquête sur les croyances des scientifiques. Avec Giorgio Margaritondo, professeur et chercheur en physique, EPFL, et Roland Benz, théologien et physicien. Les polyphonies corses font partie des plus célèbres chants traditionnels. Basé à Calvi, au nord-ouest de l'île, le groupe A Filetta chante avec passion depuis plus de 30 ans. Un dessinateur illustre une expression populaire tirée de la Bible.",1341880,true,2011-06-04T11:10:00Z,764,false,Faut pas croire
3201358,science,3201358,Que sera demain? - Centrafrique : La science des Pygmées,"Les Pygmées possèdent une parfaite connaissance de leur forêt. Depuis toujours, ils s'y procurent tout ce dont ils ont besoin et la vénèrent.",198840,true,2011-06-10T16:10:00Z,362,false,Le court du jour
352,science,352,P.Couchepin interpellé par D.Duboule sur la science,,412667,false,2009-06-18T21:00:00Z,356,false,Tard pour Bar
3529569,geographie,3529569,"Le jurassien Antoine Bailly vient de recevoir le Prix Vautrin Lud, l'équivalent du Prix Nobel de géographie",Cela faisait dix ans qu'un Suisse n'avait plus obtenu une telle consécration.,124040,false,2011-10-21T17:30:00Z,844,false,19h30
3725345,science,3725345,Des souris et un homme,Le biologiste et généticien explique les gènes de Hox.,720000,false,2008-12-07T19:00:00Z,69,false,Science suisse
3859906,science,3859906,Geopolitis se penche sur l'évolution de la science météorologique et sur son rôle dans l'anticipation des problèmes que pourrait bientôt rencontrer notre planète,De nombreuses questions seront soulevées la semaine prochaine à Genève où se tiendra le neuvième sommet mondial de la météo et du climat.,237160,false,2012-03-16T11:45:00Z,468,false,12h45
3884623,science,3884623,D'autres limites à la science?,,64240,false,2012-03-27T16:05:27Z,64,false,Découverte
3884629,science,3884629,La science a-t-elle des limites?,,39960,false,2012-03-27T16:05:30Z,134,false,Découverte
3884631,science,3884631,Quelles sont les limites de la science?,,45160,false,2012-03-27T16:05:31Z,76,false,Découverte
3983807,science,3983807,"Polémique autour du candidat proposé par Johann Schneider-Ammann pour le poste de Secrétaire d'Etat à la science et à la recherche: entretien avec Mathias Reynard, conseiller national (PS/VS)","Le chef du Département fédéral de l'économie suggérait pour ce poste Roman Boutellier, professeur à l'EFPZ et également président du conseil d'administration du groupe Ammann, l'entreprise familial de Johann Schneider-Ammann. Cette proposition a été rejetée par le Conseil fédéral.",145320,false,2012-05-10T10:45:00Z,769,false,12h45
3984764,science,3984764,Johann Schneider-Ammann affirme qu'il a proposé le président de son entreprise familiale pour le poste de Secrétaire d'Etat à la science et à la recherche uniquement pour sa compétence,"Selon le conseiller fédéral, il n'y aurait donc pas de copinage. Le Conseil fédéral a refusé le candidat proposé.",108640,false,2012-05-10T17:30:00Z,449,false,19h30
4047529,geographie,4047529,"Francisco Klauser, prof. assistant de géographie, Unine",,615520,true,2012-06-06T13:05:08Z,83,false,Découverte
4124419,science,4124419,La 9e Nuit de la science se tient ce week-end à Genève,Cette manifestation a pour objectif d'expliquer avec des mots simples et de façon ludique des phénomènes scientifiques complexes.,121560,false,2012-07-07T17:30:00Z,1327,false,19h30
4262012,science,4262012,Finale masculine. Andy Murray (GBR) - Novak Djokovic (SRB). Encore un échange spectaculaire avec deux maîtres de la science défensive (4e manche),Tennis - US Open,42800,false,2012-09-11T00:12:00Z,976,false,Tennis
4287316,science,4287316,La science ADN permet de résoudre l'affaire Brigitte Didier,"Le 5 janvier 1991, la jeune fille est retrouvée violée et assassinée. Un crime resté mystérieux durant 10 ans. Grâce aux progrès de la science ADN, les experts identifient enfin le coupable.",126120,false,2012-09-19T18:15:00Z,1126,false,Zone d'ombre
439889,science,439889,Dernières nouvelles de la science,,132732,false,2005-09-14T18:20:00Z,42,false,Territoires 21
4406724,science,4406724,JU: le photographe jurassien Jacques Bélat présente une exposition sur les arbres au musée de science naturelle de Porrentruy,"Bien qu'ils passent souvent inaperçus, certains arbres ont une beauté toute particulière.",104880,false,2012-11-05T17:55:00Z,351,false,Couleurs locales
442252,science,442252,Les nouvelles neuves du monde de la science,,163000,false,2005-10-12T18:20:00Z,22,false,Territoires 21
444154,science,444154,La science horlogère de l'entreprise Corum à La Chaux-de-Fonds,"Lancée en début d'année, la montre Golden Bridge a déjà trouvé plus de 300 acquéreurs. Son esthétique a été primée par le public cette année. Mais l'horloger ne pourra pas en produire plus de 1000 par année, tant l'assemblage de la montre est complexe.",95000,false,2005-11-02T22:00:00Z,23,false,Journal de la nuit
444651,science,444651,Les nouvelles neuves du monde de la science,,125600,false,2005-11-09T19:20:00Z,37,false,Territoires 21
446721,science,446721,Science & Technologie - ITER: Le soleil en bouteille,,1259750,false,2005-12-07T19:20:00Z,1257,false,Territoires 21
446723,science,446723,Les nouvelles neuves de la science,,179666,false,2005-12-07T19:20:00Z,108,false,Territoires 21
446727,science,446727,Dernières nouvelles de la science,,94667,false,2005-12-07T19:20:00Z,421,false,Territoires 21
466269,science,466269,Astrologie: science ou récréation?,,3685007,true,2006-10-31T22:00:00Z,571,false,Infrarouge
466271,science,466271,"Présentation du thème et des invités, Elizabeth Teissier, astrologue qui plaide pour l'astrologie en tant que science et Jacques Neirynck, physicien, sceptique pour qui les planètes n'ont pas d'influence sur notre destin",,1572917,false,2006-10-31T22:00:00Z,434,false,Infrarouge
467486,science,467486,Les imposteurs de la science,,3064988,true,2006-11-23T19:05:00Z,2135,false,Temps présent
479318,science,479318,La lecture des pensées: de la science-fiction à la science,,622250,false,2007-05-13T18:00:00Z,1763,false,Mise au point
4898382,science,4898382,"2. Les Ig Nobel, de la vraie science?","Marc Abraham, Organisateur Cérémonies des Ig Nobel",45520,false,2013-05-13T14:51:01Z,39,false,Découverte
4898697,science,4898697,H2O LA LA - Islande : Science et émotion,"Un volcanologue nous fait découvrir les merveilles des paysages islandais. « Là, c'était l'enfer pendant quelques heures, peut être quelques jours, peut être quelques semaines..."".",191680,true,2013-05-13T16:00:00Z,615,false,Le court du jour
5053979,science,5053979,NE: l'enquête sur la Faculté des Sciences Economiques est remise en cause,"Des universitaires entendus contestent la manière de mener l'enquête, ils la jugent orientée.",114560,false,2013-07-08T17:30:00Z,1208,false,19h30
5121134,science,5121134,"""Il ne faut pas parler de guerre froide"" (David Silvan, professeur de relations internationales et chef de l'unité de sciences politiques à l'IHEID, citoyen américain)","David Silvan, professeur de relations internationales et chef de l'unité de sciences politiques à l'IHEID, citoyen américain.",273400,false,2013-08-08T04:00:48Z,382,false,Le Journal du matin
5128580,geographie,5128580,"Rencontre avec Joëlle Salomon-Cavin, Institut géographie et durabilité, UNIL",La question de l'urbanisme n'est pas toujours facile à gérer en Suisse.,206320,false,2013-08-12T16:55:00Z,389,false,Couleurs d'été
5162153,science,5162153,"L'invitée culturelle : Emilie de Turckheim est un écrivain français ayant étudié le droit, les sciences politiques et la sociologie.","Après avoir écrit son premier roman à 24 ans, elle publie aujourd'hui son sixième roman ""Une Sainte"".",417640,false,2013-08-27T10:45:00Z,773,false,12h45
5180165,science,5180165,L'ouvrage d'un professeur de la faculté des sciences économiques de l'Université de Neuchâtel est bien le fruit d'un plagiat partiel.,"C'est la conclusion des enquêtes administratives du Conseil d'Etat, présentées mardi matin.",82400,false,2013-09-03T10:45:00Z,599,false,12h45
5181383,science,5181383,L'ouvrage d'un professeur de la faculté des sciences économiques de l'Université de Neuchâtel est le fruit d'un plagiat partiel,"C'est la conclusion des enquêtes administratives du Conseil d'Etat, présentées mardi matin.",128640,false,2013-09-03T16:55:00Z,667,false,Couleurs locales
5201360,science,5201360,"Syrie: entretien avec David Sylvan, professeur de relations internationales et sciences politiques (2/2)",,109320,false,2013-09-10T17:30:00Z,1408,false,19h30
5201370,science,5201370,"Syrie: entretien avec David Sylvan, professeur de relations internationales et sciences politiques (1/2)",,38280,false,2013-09-10T17:30:00Z,1764,false,19h30
5247131,science,5247131,"""J'ai été vice président lors du 2ème rapport d'évaluation du GIEC"" (Martin Beniston, climatologue, directeur de l'institut des sciences de l'environnement à l'université de Genève.)",,691920,false,2013-09-27T04:00:43Z,90,false,Le Journal du matin
5287247,science,5287247,"Débat: Climat, la science peine à convaincre",Un nouveau rapport rappelle que la température moyenne de la terre et le niveau des mers vont augmenter fortement d'ici la fin du siècle. La catastrophe est annoncée et pourtant tout se passe comme si elle ne nous concernait pas.,721120,false,2013-10-12T11:55:00Z,1227,false,Faut pas croire
5287249,science,5287249,Climat: la science peine à convaincre,Un nouveau rapport rappelle que la température moyenne de la terre et le niveau des mers vont augmenter fortement d'ici la fin du siècle. La catastrophe est annoncée et pourtant tout se passe comme si elle ne nous concernait pas. Un champion de lutte sénégalaise cherche à devenir le roi de la lutte suisse: un sport pétri de traditions.,1426720,true,2013-10-12T11:55:00Z,980,false,Faut pas croire
529502,science,529502,... et une science juridique qui irrite F. Longchamp,,43500,false,2009-01-21T19:10:00Z,66,false,Infrarouge
5309096,science,5309096,"""Penser à la création d'un gouvernement transfrontalier"" (Jacques Lévy, géographe au Programme doctoral Architecture et sciences de la ville à l’EPFL à Lausanne)",,693560,false,2013-10-21T04:00:56Z,211,false,Le Journal du matin
5314079,science,5314079,"Invité: Claude Reiss, ex-directeur de recherche au CNRS, fondateur de l’association Antidote, pour une science responsable (2/2)",,215520,false,2013-10-22T18:15:00Z,299,false,A Bon Entendeur
5314113,science,5314113,"Invité: Claude Reiss, ex-directeur de recherche au CNRS, fondateur de l’association Antidote, pour une science responsable (1/2)",,125280,false,2013-10-22T18:15:00Z,394,false,A Bon Entendeur
532644,science,532644,P.-Y. Maillard chevalier de la science,,38416,false,2009-02-17T21:20:00Z,166,false,Infrarouge
5389845,science,5389845,La science et l'industrie s'intéresse de plus en plus au thorium,Ce combustible est moins dangereux que l'uranium et pourrait permettre une sorite du nucléaire plus facile.,209440,false,2013-11-19T18:30:00Z,1950,false,19h30
542842,geographie,542842,"Boom de la population lausannoise: commentaire d'Ola Söderström, professeur Institut de géographie, UniNe, en direct de Lausanne",,131583,false,2009-05-05T16:50:00Z,401,false,Couleurs locales
5428801,science,5428801,"L'invitée: Isabelle Collet, spécialiste en sciences de l'éducation, se penche sur le problème de l'échec scolaire","L'échec scolaire touche, selon les études réalisées en Europe et en Suisse, plus massivement les garçons.",434440,false,2013-12-04T11:45:00Z,852,false,12h45
5493180,science,5493180,"""le but de la science n'est pas d'être utile mais de créer une société de la connaissance"" (David Sander, lauréat du prix Latsis 20133)",,774000,false,2013-12-30T05:00:23Z,70,false,Le Journal du matin
5590079,science,5590079,"Un bus qui s'envole au-dessus d’un pont qui s’est écroulé, science ou fiction ?",Un cascadeur professionnel t'explique comment on tourne ce type de scène dans les films.,86040,false,2014-02-05T09:25:00Z,469,false,L'Oreille des kids
5671720,science,5671720,"Changer l'eau en glace instantanément, science ou fiction?","Chris et Céline du Physiscope de Genève te prouvent en images que ce phénomène est bien réel.  L'émission a illustré la question avec un extrait du film ""Les cinq légendes"" de Peter Ramsey - 2012",103400,false,2014-03-05T09:45:00Z,540,false,L'Oreille des kids
5687180,science,5687180,La pyrokinésie - science ou fiction?,"Peut-on contrôler le feu à distance ou allumer un feu par la force de la pensée? Une spécialiste en effets numériques répond à ces questions dans cet extrait.  L'émission a illustré la question avec un extrait des films ""Bruce Tout-Puissant"" de Tom Shadyac - 2003 et ""Armageddon"" de Michael Bay - 1998",117080,false,2014-03-12T08:10:00Z,186,false,L'Oreille des kids
5707833,science,5707833,La lévitation - science ou fiction?,"Un homme ou un objet peut-il rester en suspension dans l’air? Céline du PhysiScope de Genève et Chris te le prouvent au moyen d’une expérience.  L'émission a illustré la question avec un extrait du film ""Retour vers le futur 2"" de Robert Zemeckis -  1985.",128800,false,2014-03-19T09:50:00Z,832,false,L'Oreille des kids
5726440,science,5726440,Marcher sur l'eau - science ou fiction?,"Comme Flèche dans le film ""Les Indestructibles"" de Brad Bird, est-il possible de marcher sur l’eau? Oui, c'est possible chez certains animaux. Deux exemples dans cet extrait.",123480,false,2014-03-26T09:50:00Z,543,false,L'Oreille des kids
5744697,science,5744697,"La montée du niveau de la mer avec la fonte des icebergs, science ou fiction?","Le niveau de la mer va-t-il monter si les icebergs du Pôle Nord fondent? Pour vérifier, Chris et les physiciens du PhysiScope de Genève te proposent une simulation.  L'émission a illustré la question avec un extrait du film ""A.I. Intelligence Artificielle"" de Steven Spielberg -  2001.",128080,false,2014-04-02T09:00:00Z,77,false,L'Oreille des kids
5747341,science,5747341,La science renonctre l'art à l'EPFL,"Patrick Aebischer, président de l'École Polytechnique de Lausanne revient sur son enfance vécue entouré d'artistes. Devenu scientifique, il tente de créer des ponts entre ces deux domaines.",96560,false,2014-04-03T20:50:00Z,234,false,La Puce à l'Oreille
582600,science,582600,Coup d'envoi ce matin du Festival Science et Cité,"Pendant dix jours, le monde scientifique veut aller à la rencontre du public à travers le Festival Science et Cité pour mieux expliquer les enjeux de la recherche. Cette année, le festival a fait du cerveau son point fort, à travers quelques 500 manifestations sur le thème de la conscience.",95667,false,2005-05-19T10:45:00Z,3,false,12h45
582602,science,582602,"Interview de Didier Raboud, Coordinateur scientifique (Uni Genève), au sujet du Festival Science et Cité",,148334,false,2005-05-19T10:45:00Z,57,false,12h45
582742,science,582742,Prangins (VD): le festival Science et Cité dévoile la recette du sorbet à base de sel,,127417,false,2005-05-22T10:45:00Z,12,false,12h45
582744,science,582744,Science et Cité: le théatre poursuit sa psychanalyse,"Vaud: des comédiens portent leur regard sur la maladie mentale et sur le cerveau, des point de vue qui parfois convergent parfois divergent ou se contredisent.",126500,false,2005-05-22T10:45:00Z,5,false,12h45
588943,science,588943,La science horlogère de l'entreprise CORUM à La Chaux-de-Fonds,"Lancée en début d'année, la montre Golden Bridge a déjà trouvé plus de 300 acquéreurs. Son esthétique a été primée par le public cette année. Mais l'horloger ne pourra pas en produire plus de 1000 par année, tant l'assemblage de la montre est complexe.",123000,false,2005-11-02T18:00:00Z,34,false,Couleurs locales
5937459,histoire,5937459,"Le sport à la télé, une longue histoire","Le sport à la télé, une longue histoire (extraits d'archives diffusées à l'occasion du 50e anniversaire de la TSR) - 2004",1321440,false,2014-06-17T12:45:01Z,30,false,Une histoire
5952449,histoire,5952449,Une histoire de l'émetteur de Sottens,"Une histoire de l'émetteur de Sottens (extrait de ""Un jour une heure"" du 17.02.1981)",219560,false,2014-06-23T08:37:04Z,128,false,Une histoire
5982314,histoire,5982314,L'histoire du Nagra et de son créateur Stefan Kudelski,L'histoire du Nagra et de son créateur Stefan Kudelski (extrait du Journal du 28.01.2013) - Christophe Schenk journaliste,147160,false,2014-07-04T11:18:05Z,117,false,Une histoire
5983,science,5983,Interview : Daniel Brélaz et la science fiction,,109750,false,2010-02-06T15:00:00Z,272,false,Musicomax
6001031,geographie,6001031,"Défi #14: Pierre Dessemontet, géographe et analyste spatial chez MicroGIS","""Comment mener un grand projet en 2010""",29800,false,2014-07-14T09:18:01Z,99,false,Info en vidéos
6061212,geographie,6061212,"Patrick Rérat, professeur de géographie à l'université de Lausanne, donne son point de vue sur le réaménagement public de Neuchâtel",,161280,false,2014-08-12T17:01:00Z,269,false,Couleurs d'été
6189852,geographie,6189852,"Bouchons autoroutiers autour de l'arc lémanique: entretien avec Jacques Lévy, professeur de géographie et d'urbanisme",,147680,false,2014-10-01T17:30:00Z,989,false,19h30
6203925,science,6203925,"Sciences: le prix Nobel de physique a été attribué à deux chercheurs japonnais, inventeurs de la LED","Il y a les ampoules, mais aussi les écrans de smartphone, ou les phares de voiture.",145080,false,2014-10-07T17:30:00Z,1845,false,19h30
6275719,histoire,6275719,"Berlin, on veut repousser l'échéance","Chute du Mur, vidéo, extrait d'Histoire vivante",39440,true,2014-11-04T09:57:21Z,1486,true,
6275748,histoire,6275748,"Berlin, colère avant l'ouverture du Mur",Extrait d'Histoire Vivante,21999,true,2014-11-04T10:07:45Z,1566,true,
6275854,histoire,6275854,"Berlin, l'ouverture de la frontière",Extrait d'Histoire Vivante,160420,true,2014-11-04T10:32:03Z,2047,true,
6275898,histoire,6275898,"9 novembre 1989, la joie sur la Porte de Brandebourg",Extrait d'Histoire Vivante,130445,true,2014-11-04T10:57:40Z,1770,true,
6297673,science,6297673,Le rendez-vous sciences: un nouveau laboratoire de biologie et de médecine ouvre à Genève,"Bruno Strasser, directeur du Bioscope et professeur à l'Université de Genève, explique l’idée originale de ce nouvel établissement.",372400,false,2014-11-12T11:45:00Z,558,false,12h45
6338710,science,6338710,Pic de croissance... chez les pics - Science et beach volley - Des fusées contre la grêle - Tunnel et tuyaux,Pic de croissance... chez les pics - Science et beach volley - Des fusées contre la grêle - Tunnel et tuyaux,1562920,true,2014-11-27T13:26:00Z,191,false,Einstein
6340120,science,6340120,Delphine de Candolle découvre l’univers de la science fiction,"La directrice culturelle de la Société de Lecture de Genève lit des extraits du dernier roman de Bernard Werber, « La voix de la terre ».",315320,false,2014-11-27T21:46:00Z,741,false,La Puce à l'Oreille
6419310,histoire,6419310,Anno 1914 (3/3) - La Suisse dans l'Histoire,"Alors que l'Europe vient de basculer dans la Grande Guerre, la Suisse fait face, en 1914, à une situation sociale, politique et économique complexe. Pour retracer le quotidien des habitants de ce pays, une vingtaine d'hommes, de femmes et d'enfants ont accepté de vivre comme il y a cent ans. Trois historiens romands décryptent cette captivante immersion dans le passé. Suite et fin.",2710840,true,2015-01-05T20:49:00Z,2033,false,Le doc des fêtes
6425143,histoire,6425143,NE: le Muséum d'histoire naturelle présente une exposition sur les émotions,Cette présentation a été conçue avec le pôle de recherches sur les sciences affectives de l'Université de Genève.,142560,false,2015-01-02T11:45:00Z,362,false,12h45
6430567,histoire,6430567,"Pour la première fois dans l'histoire, les Syriens ne pourront plus entrer librement au Liban",Le gouvernement libanais exige qu'ils fournissent les motifs de leur voyage. Il tente ainsi de juguler l'afflux ininterrompu des réfugiés.,91960,false,2015-01-05T11:45:00Z,127,false,12h45
6448781,histoire,6448781,Marche Charlie Hebdo: l'image des 50 chefs d'État marchant ensemble restera dans l'histoire,Cette image marque la solidarité mondiale face aux attentats terroristes.,98960,false,2015-01-11T18:30:00Z,2430,false,19h30
6448805,histoire,6448805,Marche Charlie Hebdo: ces manifestations clôturent une semaine qui va marquer l'histoire,Le rappel des événements.,220280,false,2015-01-11T18:30:00Z,406,false,19h30
645289,science,645289,Rentrée universitaire: l'Université de Genève propose désormais un Master en science de l'environnement,"Les étudiants travailleront notamment sur des sujets aussi fondamentaux que le réchauffement climatique, les questions énergétiques ou encore l'urbanisme.",140583,false,2007-09-17T10:45:00Z,342,false,12h45
6483885,histoire,6483885,Au coeur du sport - L'histoire du relais féminin 4x100 mètres,,1570680,true,2015-01-13T23:00:00Z,843,false,Au coeur du sport
6489606,histoire,6489606,"Alexis Tsipras: ""Le peuple grec a écrit l'histoire""","Futur Premier ministre grec, le leader de Syriza Alexis Tsipras a qualifié la large victoire de son parti d'""historique"" lors des législatives en Grèce.",82440,false,2015-01-26T07:53:02Z,446,false,Vidéos en bref
6490296,histoire,6490296,Journées de Soleure: le festival propose un coup de projecteur sur les films suisses qui ont marqué son histoire,Les Journées de Soleure célèbrent cette année leurs 50 ans d'existence.,131160,false,2015-01-26T11:45:00Z,285,false,12h45
6493509,histoire,6493509,Le triste sort des survivants de la Shoah,"Après les souffrances endurées dans les camps de concentration nazis, de nombreux rescapés ont vécu (et vivent toujours) dans le plus grande précarité, y compris en Israël.",78000,false,2015-01-26T19:41:00Z,719,true,Doc du lundi
6507909,histoire,6507909,"Les dangers de la montagne: interview de Laurent Tissot, professeur d'histoire économique et sociale à l'UniNE.",,665400,false,2015-02-02T05:00:00Z,470,false,Le Journal du matin
6518324,histoire,6518324,"L'invité culturel: le metteur en scène Omar Porras pour son spectacle ""L'Histoire du soldat""",L'Histoire du soldat est un petit bijou signé Ramuz et Stravinsky. Il est à voir entre les flammes à Beausobre.,487440,false,2015-02-05T11:45:00Z,716,false,12h45
6537567,histoire,6537567,FR: la cathédrale St-Nicolas raconte l'histoire de la ville,"Pour la découvrir, il faut savoir déchiffrer les indices contenus dans les vitraux et les statues.",149240,false,2015-02-12T11:45:00Z,226,false,12h45
6549866,science,6549866,Minimag: la spéléologie tient du sport autant que de la science,Elle compte plus de mille adeptes inscrits en Suisse.,170960,false,2015-02-17T11:45:00Z,306,false,12h45
6554623,histoire,6554623,Enquête HSBC: c'est l'une des affaires les plus vertigineuses de l'histoire bancaire,"Au début, un homme, Hervé Falciani, vole les données d'HSBC, puis des États collaborent avec lui, comme la France et l'Espagne.",147840,false,2015-02-18T18:30:00Z,1230,false,19h30
6568430,histoire,6568430,Minimag: le bistrot la Rotonde à Bienne est un emblème et un lieu chargé d'histoire,La Rotonde est liée à la maison du peuple où se ressemblaient jusque dans les années 1970 mouvements politiques de gauche et syndicats.,170400,false,2015-02-24T11:45:00Z,401,false,12h45
6577174,histoire,6577174,"Le minimag: le café-bar la Clémence à Genève, un lieu chargé d'histoire","Situé sur la place du Bourg-de-Four, il est très apprécié des Genevois.",180200,false,2015-02-27T11:45:00Z,578,false,12h45
6584743,histoire,6584743,"VD: le nouveau magazine mensuel ""Passé simple"" est consacré à l'histoire romande","À l'heure où la presse traverse une période de turbulence, le pari est osé.",172120,false,2015-03-02T17:59:00Z,136,false,Couleurs locales
6588414,histoire,6588414,La longue histoire de la colle,"La colle a plus de 200'000 ans! En Asie, on collait alors les peaux pour créer des abris. Aujourd'hui la colle est partout. On en trouve dans les objets du quotidien, comme nos voitures, mais aussi dans les avions et dans les hôpitaux. Et pour chacune de ces applications, une colle spécifique existe. Quid de la colle universelle? Pour les spécialistes, elle n'existe pas!",337160,false,2015-03-03T19:11:00Z,357,false,A Bon Entendeur
6590800,science,6590800,"Le rendez-vous sciences: Nicolas Grandjean, professeur de physique à l'EPFL, nous parle des LED, la source lumineuse du futur",,524680,false,2015-03-04T11:45:00Z,1683,false,12h45
6620093,histoire,6620093,Mühleberg : l’histoire d’une centrale,"Retour sur l’histoire de la centrale nucléaire de Mühleberg, de sa construction au début des années 70 jusqu’à aujourd’hui !  On y découvre les accidents de parcours, les discussions politiques,  etc…  Cette centrale, l’une des plus vieilles de Suisse, sera définitivement débranchée en 2019 et la population s’interroge sur son démantèlement.",140760,false,2015-03-14T17:16:00Z,99,false,Outre-Zapping
6638442,histoire,6638442,FR: Astrid Epiney est la première femme recteur dans l''histoire de l'Université de Fribourg.,C’est un nouveau visage et une petite révolution pour cette institution qui fête ses 125 ans d'existence. Cette professeur de droit est aussi une férue de course à pied.,141320,false,2015-03-20T17:58:00Z,526,false,Couleurs locales
6649166,histoire,6649166,"Notre rubrique: Histoire de neige, d’abri et d’argent: litige en Lavaux","Un agriculteur croyait son foin bien protégé par un abri acheté presque 15'000 CHF. Or, ce tunnel bâché s’est effondré en son milieu, un matin de février dernier, alors que la publicité le disait résistant au vent et à la neige. Le vendeur rejette tout défaut de fabrication. Selon lui,  les conditions météorologiques expliquent l’affaissement de ce tunnel, que l'agriculteur aurait dû déneiger. Ce dernier réfute l’argument. Contraint d'installer un nouvel abri pour l'alimentation de son bétail, l'agriculteur a accepté une proposition de l'entreprise: un rabais de 40% sur un nouvel abri, plus cher et plus solide que le précédent. Insuffisant, pour l’agriculteur. Un geste commercial appréciable, estime le vendeur. Deux positions irréconciliables.",380160,false,2015-03-24T19:12:00Z,585,false,A Bon Entendeur
6654011,science,6654011,"Minimag: Thierry Courvoisier est astrophysicien, président de l'académie suisse des Sciences","Il a notamment vécu la mission Rosetta de l'intérieur. L'homme est également passionné de navigation, ce qui n'est pas forcément sans rapport.",165440,false,2015-03-26T11:45:00Z,123,false,12h45
6667539,histoire,6667539,Les poussins sont les vedettes du Musée d'histoire naturelle de Fribourg,"Pour Pâques, à peine sortis des oeufs, des centaines de poussins font chaque année sensation.",144640,false,2015-03-31T16:59:00Z,236,false,Couleurs locales
6670080,histoire,6670080,Les grandes éruptions volcaniques de l'histoire,Jacques Deferne Conservateur honoraire muséum histoire naturelle Genève,132120,false,2015-04-01T04:00:00Z,100,false,RTS Découverte
6674223,science,6674223,"Ron Appel, la voix de la science","Ron Appel aurait pu être baryton professionnel. Il a choisi la science. Mais le directeur de l’Institut Suisse de Bioinformatique n'a jamais renoncé. Ses journées commencent par une heure d'exercice vocal pour préparer ses concerts. Face au public, il se transforme",2249440,true,2015-04-02T20:45:00Z,1159,false,Violon Dingue
6674224,science,6674224,"Ron Appel, la voix de la science","Une carrière au service des sciences de la vie et parallèlement, une trajectoire musicale exigeante. Ron Appel, un pionnier dans l’analyse de la protéine est aussi un baryton qui donne entre deux et sept concerts par année.",1161440,false,2015-04-02T20:45:00Z,75,false,Violon Dingue
6675918,histoire,6675918,Iran / Accord sur le nucléaire: une nouvelle page s'écrit dans l'histoire de l'Iran et des États-Unis,Cela faisait plus de 35 ans que le nucléaire posait problème dans les relations entre les deux pays.,117560,false,2015-04-03T17:30:00Z,411,false,19h30
6694753,histoire,6694753,Hockey / Play off: le HC Davos a remporté la 31ème victoire de son histoire face à Zurich,Davos a mené une magnifique finale (3-0).,388040,false,2015-04-11T20:35:00Z,489,false,Sport dernière
6712826,histoire,6712826,Familles Davet et Dubosson: Une Belle Histoire,"Les deux familles mélangent leurs voix pour interpréter en duo cette merveilleuse chanson de Michel Fugain sur le plateau de ""Un Air de Famille"".",133600,false,2015-04-18T18:14:00Z,576,false,Un air de famille
6732748,histoire,6732748,L'histoire du club de basket d'Aigues-Vertes,,204240,false,2015-04-26T16:25:00Z,344,false,Sport dimanche
6748336,histoire,6748336,"Mona et Lisa, ou la véritable histoire des patates de Quéménès","Un conte de Grand Pierre (extrait). Grand Pierre a découvert Quéménès un peu par hasard il y a quelques années. Ce fût immédiatement  le coup de foudre pour l.île et pour ses habitants : David,  Soizic. et les animaux de la ferme.  Au point que tous sont devenus les héros de contes farfelus.",122800,false,2015-05-01T18:14:00Z,176,false,Passe-moi les jumelles
6750452,histoire,6750452,Boxe: Floyd Mayweather et Manny Pacquiao vont s'affronter dans le combat le plus cher de l'histoire,"L'engouement est énorme pour ce déjà surnommé  ""combat du siècle"".",144280,false,2015-05-02T17:30:00Z,1527,false,19h30
6763699,histoire,6763699,"Les invités culturels: Marc Ridet et Stephan Mandrax retracent l’histoire de club de rock "" la Dolce Vita""","A travers textes, photos et affiches, le livre se veut «un cliché artistique et historique de l’époque, mais sans nostalgie.»",539640,false,2015-05-07T10:45:00Z,801,false,12h45
6806261,histoire,6806261,VD: la ville d’Avenches fête 2000 ans d'histoire,"Pour l’occasion, la cité propose de nombreux stands et animations représentatifs de son histoire.",124640,false,2015-05-23T17:30:00Z,885,false,19h30
6808110,histoire,6808110,Ukraine - Chronique d'un déchirement,"Du nationaliste combattant au père de famille étouffé par la propagande en passant par le jeune militant pro-russe...Tous vivent au quotidien dans une incertitude paralysante, déchirés entre l'espoir et la peur. Un journaliste suisse a sillonné l'Ukraine d'est en ouest. Journal d'un pays aux fissures profondes.",3160320,true,2015-05-24T18:38:00Z,3064,false,Histoire vivante
6818889,science,6818889,"Claude Stricker, Directeur exécutif de l'académie internationale des sciences et des techniques du sport",,421920,false,2015-05-28T04:00:00Z,413,false,Le Journal du matin
6856046,histoire,6856046,Histoire petites annonces: l'analyse de Pascal Jeannerat,,108040,false,2015-06-10T17:30:00Z,295,false,19h30
6856052,histoire,6856052,L'histoire des petites annonces est liée à celle de la presse,"Les journaux n'ont plus le monopole, les sites de petites annonces s'imposent.",116960,false,2015-06-10T17:30:00Z,443,false,19h30
6863458,histoire,6863458,ZH: un organisme de prévention des toxicomanies organise des balades sur les lieux clés de l’histoire de la drogue,Une balade pour se souvenir des scènes ouvertes de la drogue à Zurich.,127560,false,2015-06-13T17:30:00Z,406,false,19h30
6870757,histoire,6870757,L'histoire des affiches politiques,"Lors de sa troisième sortie à Bâle, le bus politbox s'intéresse à l'art et à son rapport à la politique dans l'histoire au travers des affiches de campagne.",214240,false,2015-06-15T16:51:00Z,59,false,Info en vidéos
6875341,histoire,6875341,"Fiscalité: ""le vent de l'histoire finira par toucher la Suisse"" selon Moscovici","Le commissaire européen chargé de la fiscalité, Pierre Moscovici, a évoqué le projet d'harmonisation des impôts de l'UE pour lutter contre l'optimisation fiscale des multinationales dans une interview avec la RTS.",102320,false,2015-06-17T14:14:00Z,58,false,Vidéos en bref
6884601,geographie,6884601,"Migration 2 / 2: le point avec prof. Etienne Piguet, géographie, Neuchâtel",,32200,false,2015-06-21T17:30:00Z,508,false,19h30
6884623,geographie,6884623,"Migration 1 / 2: le point avec prof. Etienne Piguet, géographie, Neuchâtel",,82840,false,2015-06-21T17:30:00Z,623,false,19h30
6892487,science,6892487,"Le rendez-vous sciences: Sylvia Ekström, astronome à l’Observatoire de Genève, nous explique pourquoi le temps atomique et le temps astronomique divergent",,592280,false,2015-06-24T10:45:00Z,699,false,12h45
6895816,science,6895816,Les patois sont à l'honneur à l'Institut des sciences du language à Neuchâtel,RTS.ch lance dans le même temps une plateforme qui permet de déterminer selon vos expressions votre provenance régionale.,363920,false,2015-06-25T16:59:00Z,2422,false,Couleurs locales
6904319,histoire,6904319,Il ne voulait pas de moi !,Talk show présenté par Sophie Davant.,3923080,true,2015-06-29T11:15:00Z,239,false,Toute une histoire
6904404,histoire,6904404,VD: Avenches fête ses 2000 ans d'Histoire,,238320,false,2015-06-29T17:00:00Z,246,false,Couleurs d'été
6904440,histoire,6904440,"GE: le musée Rath présente l'histoire du panorama avec ""J'aime les panoramas""",Cette exposition fait le tour de la question du point de vue artistique.,137720,false,2015-06-29T17:30:00Z,331,false,19h30
6924591,histoire,6924591,Canicule: le Musée d'art et d'histoire de Genève a été exceptionnellement fermé,Les tableaux souffrent aussi des variations exceptionnelles de température.,122560,false,2015-07-07T17:30:00Z,712,false,19h30
6932091,geographie,6932091,Entretien avec le géographe Pierre Dessemontet à la gare de Chambrelien (NE),Il revient sur la question de la mobilité dans le canton de Neuchâtel.,170000,false,2015-07-09T17:00:00Z,85,false,Couleurs d'été
6934493,histoire,6934493,GE: Procter et Gamble vient d'annoncer la plus grosse vente de son histoire,"Cette opération pourrait signifier, à terme, une délocalisation.",144680,false,2015-07-10T17:30:00Z,838,false,19h30
6954942,histoire,6954942,FR: le déménagement du musée d'art et d'histoire durera un an et demi,Sa collection de 45'000 objets témoigne de l'histoire du canton.,98960,false,2015-07-21T10:45:00Z,197,false,12h45
6991779,histoire,6991779,Anno 1914 - La Suisse dans l'Histoire 1/3,"1914... à la veille de la Première Guerre mondiale, l'Europe se cherche, entre modernité et tradition, entre optimisme et doutes. Mais quel est alors le visage de la Suisse et de ses habitants ? Une vingtaine d'hommes, de femmes et d'enfants ont été choisis pour vivre « à l'ancienne », au coeur de l'Oberland zurichois.",2746240,true,2015-08-09T19:07:00Z,1184,false,Histoire vivante
7006307,histoire,7006307,Anno 1914 - La Suisse dans l'Histoire 2/3,Comment vivait-on en Suisse il y a tout juste cent ans ? Comment évoluer au coeur d'une Europe qui bascule dans la Grande Guerre ? Une vingtaine de personnes ont accepté d'être plongées dans le passé pour retracer le quotidien d'une famille d'industriels et celui d'une famille de la classe ouvrière.,2886920,true,2015-08-16T18:38:00Z,653,false,Histoire vivante
7015919,science,7015919,Violent incendie à la Cité des sciences à Paris,Un violent incendie a touché la Cité des sciences à Paris dans la nuit de mercredi à jeudi. Le feu a détérioré des milliers de mètres carrés.,78680,false,2015-08-20T11:38:02Z,134,false,Vidéos en bref
7022392,histoire,7022392,L'histoire de... / Basketball: l'équipe d'Aigues-Vertes a vécu une expérience incroyable,Ces sportifs vivant avec une déficience intellectuelle faisaient partie de la délégation suisse des Summer Games.,155440,false,2015-08-23T16:27:00Z,71,false,Sport dimanche
7023595,histoire,7023595,Anno 1914 - La Suisse dans l'Histoire 3/3,"Alors que l'Europe vient de basculer dans la Grande Guerre, la Suisse fait face, en 1914, à une situation sociale, politique et économique complexe. Pour retracer le quotidien des habitants de ce pays, une vingtaine d'hommes, de femmes et d'enfants ont accepté de vivre comme il y a cent ans. Trois historiens romands décryptent cette captivante immersion dans le passé.",2756320,true,2015-08-23T18:38:00Z,682,false,Histoire vivante
7024401,histoire,7024401,Dada de Germano Zullo & Albertine,"Roger Canasson et Dada sont des champions de saut d’obstacles. Ils sont presque invincibles, car ils forment une paire parfaite.",331240,true,2015-08-24T08:22:00Z,177,false,La tête dans les histoires
7027092,histoire,7027092,Le bon Docteur Poutingue d'Olivier Douzou & José Parrondo,"Branle-bas de combat chez les poux: depuis que le docteur Poutingue soigne ses patients avec sa poutingue magique, des cheveux apparaissent sur la tête de ces derniers.",302160,true,2015-08-25T08:25:00Z,212,false,La tête dans les histoires
7033807,histoire,7033807,Tandem de Séverine Vidal & Irène Bonacina,"Une cour de récré, une petite chouette qui attend son ami. Il avait pourtant dit qu'il viendrait, qu'il serait là, rendez-vous à midi, et il n’y est pas.",334160,true,2015-08-27T08:27:00Z,114,false,La tête dans les histoires
7036954,histoire,7036954,Comme une princesse de Brigitte Minne & Merel Eyckerman,"Marie trouve qu'elle ne ressemble pas à une princesse mais son papa n'est pas de cet avis. Au cours d'une belle journée entre père et fille, il va lui montrer que toutes les filles sont des princesses…",382160,true,2015-08-28T08:23:00Z,184,false,La tête dans les histoires
7041694,histoire,7041694,Un traître à la patrie,"Lors de la Première Guerre mondiale, deux officiers de l'état-major suisse ont secrètement transmis à l'armée allemande des dépêches diplomatiques russes décryptées par le service des renseignements. Cette trahison, baptisée «l'affaire des colonels», fut découverte par l'homme chargé de décoder ces dépêches, le Lausannois André Langie. Un docu-fiction haletant.",3078360,true,2015-08-30T18:41:00Z,3075,false,Histoire vivante
7043026,histoire,7043026,Le loup qui voulait changer de couleur d'Orianne Lallemand & Eleonore Thuillier,"Ce matin, le loup est de très méchante humeur. Tout en noir, il ne se trouve pas beau du tout. C'est décidé, il va changer de couleur ! Mais ce n'est pas aussi facile qu'il le croit.",330880,true,2015-08-31T08:24:00Z,265,false,La tête dans les histoires
7045895,histoire,7045895,La petite casserole d'Anatole d'Isabelle Carrier,"Anatole traîne toujours derrière lui sa petite casserole. Elle lui est tombée dessus un jour… On ne sait pas très bien pourquoi. Depuis, elle se coince partout et l’empêche d’avancer. Un jour il en a assez. Il décide de se cacher, de disparaître. Ça lui parait plus simple. Mais heureusement les choses ne sont pas simples…",360560,true,2015-09-01T07:51:00Z,136,false,La tête dans les histoires
7048354,histoire,7048354,"Spaghettis: histoire de prix, du simple au quintuple!","Les pâtes occupent une place prépondérante dans nos assiettes! Chaque Suisse en consomme près de dix kilos par an, ce qui situe notre pays au troisième rang en la matière, juste derrière l’Italie et la Grèce. Et les pâtes, il s'en vend à tous les prix. Il peut être multiplié par 15 entre l'entrée et le haut de gamme. Comment expliquer ces différences? Et cela fait-il une différences dans l'assiette?",2331200,true,2015-09-01T18:14:00Z,12846,false,A Bon Entendeur
7052609,histoire,7052609,"C'est pas moi, c'est la baleine ! de Pauline Pinson & Magali Le Huche","Buc a une excuse toute trouvée pour ne pas se faire disputer quand il fait des bêtises: ""C’est pas moi, c’est la baleine!"". C’est imparable, pourtant, sa maman n’a pas l’air de le croire…",298000,true,2015-09-03T07:53:00Z,145,false,La tête dans les histoires
7056065,histoire,7056065,Comment bien laver son mammouth laineux de Michelle Robin & Kate Hindley,"Une plongée dans les livres et l'univers des tout-petits en humour et en poésie. Dans chaque épisode un nouveau titre est à découvrir avec les classes enfantines du collège de Montoie. L'histoire est lue par un comédien, racontée et commentée par les enfants alors que certaines illustrations sont animées.",342800,true,2015-09-04T07:52:00Z,179,false,La tête dans les histoires
7056303,histoire,7056303,FR: le sentier Ritter permet de découvrir un pan surprenant de l’histoire industrielle fribourgeoise,Le sentier tient son nom de l’ingénieur Guillaume Ritter qui a construit le barrage de la Maigrauge.,180080,false,2015-09-04T10:45:00Z,189,false,12h45
7063063,histoire,7063063,Le Dessert de Tom Tirabosco,"Une plongée dans les livres et l'univers des tout-petits en humour et en poésie. Dans chaque épisode un nouveau titre est à découvrir avec les classes enfantines du collège de Montoie. L'histoire est lue par un comédien, racontée et commentée par les enfants alors que certaines illustrations sont animées.",354680,true,2015-09-07T07:52:00Z,116,false,La tête dans les histoires
7066124,histoire,7066124,Le meilleur livre pour apprendre à dessiner une vache d'Hélène Rice & Ronan Badel,"Une plongée dans les livres et l'univers des tout-petits en humour et en poésie. Dans chaque épisode un nouveau titre est à découvrir avec les classes enfantines du collège de Montoie. L'histoire est lue par un comédien, racontée et commentée par les enfants alors que certaines illustrations sont animées.",300120,true,2015-09-08T07:52:00Z,137,false,La tête dans les histoires
7068294,histoire,7068294,NE: l’écrin du théâtre populaire romand de la Chaux-de-Fonds fête ses 60 ans d’histoire,La salle a été entièrement rénovée et modernisée.,304040,false,2015-09-08T16:55:00Z,214,false,Couleurs locales
7072944,histoire,7072944,Jean-Michel contre vents et marées de Magali Le huche,"Une plongée dans les livres et l'univers des tout-petits en humour et en poésie. Dans chaque épisode un nouveau titre est à découvrir avec les classes enfantines du collège de Montoie. L'histoire est lue par un comédien, racontée et commentée par les enfants alors que certaines illustrations sont animées.",325960,true,2015-09-10T07:53:00Z,82,false,La tête dans les histoires
7075893,histoire,7075893,Le bazar de Crabtree de Jon et Tucker Nichols,"Une plongée dans les livres et l'univers des tout-petits en humour et en poésie. Dans chaque épisode un nouveau titre est à découvrir avec les classes enfantines du collège de Montoie. L'histoire est lue par un comédien, racontée et commentée par les enfants alors que certaines illustrations sont animées.",329400,true,2015-09-11T07:53:00Z,76,false,La tête dans les histoires
7082567,histoire,7082567,Le chat d'Elsa d'Alice Brière-Haquet & Magali Le Huche,"Une plongée dans les livres et l'univers des tout-petits en humour et en poésie. Dans chaque épisode un nouveau titre est à découvrir avec les classes enfantines du collège de Montoie. L'histoire est lue par un comédien, racontée et commentée par les enfants alors que certaines illustrations sont animées.",275080,true,2015-09-14T07:53:00Z,197,false,La tête dans les histoires
7082649,science,7082649,"Débat : Valérie Chansigaud, historienne des sciences et de l'environnement et Bernard Crettaz, ethnologue et sociologue débattent sur le plateau de Faut pas croire.",,958080,false,2015-09-13T10:07:00Z,70,false,Faut pas croire
7085781,histoire,7085781,La Tarte aux fées de Michaël Escoffier & Kris Di Giacomo,"Une plongée dans les livres et l'univers des tout-petits en humour et en poésie. Dans chaque épisode un nouveau titre est à découvrir avec les classes enfantines du collège de Montoie. L'histoire est lue par un comédien, racontée et commentée par les enfants alors que certaines illustrations sont animées.",294560,true,2015-09-15T08:25:00Z,167,false,La tête dans les histoires
7092679,histoire,7092679,Le chevalier de ventre-à-terre de Gilles Bachelet,"Une plongée dans les livres et l'univers des tout-petits en humour et en poésie. Dans chaque épisode un nouveau titre est à découvrir avec les classes enfantines du collège de Montoie. L'histoire est lue par un comédien, racontée et commentée par les enfants alors que certaines illustrations sont animées.",315120,true,2015-09-17T08:25:00Z,82,false,La tête dans les histoires
7096295,histoire,7096295,La grosse faim de P'tit Bonhomme de Pierre Delyle & Cécile Hudrisier,"Une plongée dans les livres et l'univers des tout-petits en humour et en poésie. Dans chaque épisode un nouveau titre est à découvrir avec les classes enfantines du collège de Montoie. L'histoire est lue par un comédien, racontée et commentée par les enfants alors que certaines illustrations sont animées.",328880,true,2015-09-18T08:25:00Z,104,false,La tête dans les histoires
7101191,histoire,7101191,Football: le FC Sion a vécu une belle page de son histoire footbalistique à Tourbillon contre le Rubin Kazan (2-1),,250000,false,2015-09-20T16:25:00Z,40,false,Sport dimanche
7102685,histoire,7102685,Adieu Chaussette de Benjamin Chaud,"""Je ne peux pas continuer à avoir un lapin comme meilleur copain:  je ne suis plus un bébé"". Voilà ce que se dit un jeune garçon à propos de son ""lapin buffle"", qu’il nomme chaussette. Il décide donc de l’abandonner dans la forêt. Mais aura-t-il le coeur de s’en séparer?",329440,true,2015-09-21T08:21:00Z,99,false,La tête dans les histoires
7105869,histoire,7105869,La tournée de Facteur Souris de Marianne Dubuc,"En suivant la tournée de facteur souris, tu vas découvrir les habitats si rigolos des animaux!",310120,true,2015-09-22T08:20:00Z,85,false,La tête dans les histoires
7112716,histoire,7112716,La Moufle de Florence Desnouveaux et Cécile Hudrisier,"Une plongée dans les livres et l'univers des tout-petits en humour et en poésie. Dans chaque épisode un nouveau titre est à découvrir avec les classes enfantines du collège de Montoie. L'histoire est lue par un comédien, racontée et commentée par les enfants alors que certaines illustrations sont animées.",323600,true,2015-09-24T08:25:00Z,104,false,La tête dans les histoires
7115921,histoire,7115921,La Chèvre de Monsieur Seguin illustré par Adrienne Barman,"Une plongée dans les livres et l'univers des tout-petits en humour et en poésie. Dans chaque épisode un nouveau titre est à découvrir avec les classes enfantines du collège de Montoie. L'histoire est lue par un comédien, racontée et commentée par les enfants alors que certaines illustrations sont animées.",337680,true,2015-09-25T08:25:00Z,145,false,La tête dans les histoires
7116528,histoire,7116528,L’histoire de Guignol,"Avant d’être le héros préféré des enfants, Guignol s’adressait aux adultes et a subi les foudres de la censure. Petit rappel avec Gérard Truchet, Président de la Société des amis de Lyon et de Guignol.",172760,false,2015-09-25T18:15:00Z,32,false,Passe-moi les jumelles
7122088,histoire,7122088,Mes parents sont marteaux de Philippe Besnier & Lynda Corazza,Que se passe-t-il si l’on prend toutes les expressions au pied de la lettre? La moindre journée devient le théâtre d’aventures surréalistes et les repas de famille tournent à la scène de ménage!,316400,true,2015-09-28T08:25:00Z,276,false,La tête dans les histoires
7129429,science,7129429,"Rendez-vous ""sciences"": pourquoi y a-t-il plus de droitiers que de gauchers?","Le professeur Jean-Marie Annoni, neurologue, analyse le mystère de la prédominance des droitiers chez les humains et les animaux.",580480,false,2015-09-30T10:45:00Z,474,false,12h45
7130445,science,7130445,GE: une fuite d’ammoniac inquiète la Faculté des sciences,"Il n’y a pas eu de blessés, mais certains petits animaux de laboratoire ont failli être intoxiqués.",108160,false,2015-09-30T16:57:00Z,262,false,Couleurs locales
71421,science,71421,Science / Le portrait Google,Un journal français a réalisé le portrait d'un internaute à partir des informations trouvées sur le réseau.,210583,false,2009-01-27T16:30:00Z,18,false,Dolce vita
7146482,histoire,7146482,"Le film «The Program» raconte l’histoire du champion déchu, Lance Armstrong",Le réalisateur Stephen Frears raconte l’histoire d’un champion et de son dopage organisé.,162520,false,2015-10-06T17:30:00Z,344,false,19h30
7149878,histoire,7149878,"""Avec Merz et Blocher, la pire période dans l'histoire du Conseil fédéral""",Christian Levrat revient sur la période 2003-2007 du gouvernement. Il affirme que c'est à cette période que le Conseil fédéral a le plus perdu.,30040,false,2015-10-07T21:54:02Z,656,false,Vidéos en bref
7157244,histoire,7157244,Turquie: le pays est confronté à l’attentat le plus meurtrier de son histoire,Deux explosions se sont produites près de la gare d’Ankara alors qu’une manifestation pour la paix se préparait.,110000,false,2015-10-10T17:30:00Z,1298,false,19h30
7158861,histoire,7158861,"109e édition. Un trio se dispute la victoire au sprint. L’Italien Matteo Trentin mate les Belges Tosh Van der Sande, 2e, et Greg Van Avermaet, 3e, au sprint du Paris-Tours le plus rapide de l'histoire",Cyclisme - Paris-Tours,82400,false,2015-10-11T13:20:00Z,132,false,Cyclisme
7162216,histoire,7162216,Inventer demain: Emilie Joly raconte les histoires grâce aux nouvelles technologies,,87280,false,2015-10-12T18:14:00Z,153,false,Toutes Taxes Comprises
7167036,histoire,7167036,La cuisine de l’histoire,"L’Agaricus bisporus – nom latin du champignon de Paris – entre à la cour de Louis XIV au 17 siècle. Jean-Baptiste de La Quintinie réussit à le cultiver dans les jardins de Versailles, au printemps et en automne. A partir de là, Paris lui restera collé à la peau. Mais le petit champignon blanc ou brun va rapidement conquérir l'Europe et occuper les caves et autres sous-sols des villes. Son succès est tel, que certaines tables le proposent de l'entrée au dessert…",559040,false,2015-10-13T18:14:00Z,65,false,A Bon Entendeur
7169522,science,7169522,"La gélotologie, une science jeune","L’étude du rire est récente, même si quelques précurseurs s’y sont penchés dès le 19ème siècle. On nomme la science du rire la gélotologie. Rencontre avec Robert Provine, auteur de la « bible » du rire, une approche scientifique de ce comportement universel.",309320,false,2015-10-14T18:15:00Z,49,false,Specimen
7171100,histoire,7171100,FR: des enfants mettent en scène l'histoire qu'ils ont inventée,C'est le Centre d’animation socioculturelle de la Basse-Ville de Fribourg qui a rendu ce projet possible.,122520,false,2015-10-15T10:45:00Z,118,false,12h45
7171110,science,7171110,Science politique: Pascal Mahon explique les différents modes de scrutin,Ce professeur de la faculté de Droit de l'Université de Neuchâtel se penche sur les cas des systèmes proportionnel et majoritaire.,533200,false,2015-10-15T10:45:00Z,1083,false,12h45
7189559,histoire,7189559,GE: le musée d'art et d'histoire propose des activités pour les enfants,Une série d'activités ludiques sont proposées afin de faire connaître l’art aux plus jeunes enfants.,326800,false,2015-10-21T16:57:00Z,190,false,Couleurs locales
7205222,histoire,7205222,«Keeper» raconte l’histoire d’un couple d’adolescents sur le point d’avoir un enfant,Le premier film du Franco-belge Guillaume Senez met en scène le Lausannois Kacey Mottet Klein dans le rôle phare du futur papa.,147080,false,2015-10-27T18:30:00Z,204,false,19h30
7205380,histoire,7205380,Petite histoire du sparadrap,"On pansait déjà les plaies dans l'antiquité, à l'époque de l'Egypte ancienne. On appliquait alors des baumes de miel ou de graisse sur les blessures. Au cours des siècles, les traitements vont évoluer. Une découverte majeure va marquer l'histoire des pansements. Au 19 siècle, Louis Pasteur met en évidence les germes infectieux. Les pansements sont réétudiés pour former une barrière stérile protégeant les plaies du monde environnant. Le premier sparadrap adhésif ""prêt à l'emploi"" est produit aux Etats-Unis dans les années 1920.",385160,false,2015-10-27T19:14:00Z,86,false,A Bon Entendeur
7207238,histoire,7207238,"Le ""Vacherin Mont-d'Or"", une histoire de femmes","C'est la période de production dans le massif du Jura pour ce mythique fromage. Cette star des pâtes molles de l'Auberson est cerclée uniquement pas de délicates mains féminines, un choix du patron de la fromagerie Tyrode.",16440,false,2015-10-27T17:57:00Z,9,false,Couleurs locales
7208001,histoire,7208001,"Le ""Vacherin Mont-d'Or"", une histoire de femmes","C'est la période de production dans le massif du Jura pour ce mythique fromage. Cette star des pâtes molles de l'Auberson est cerclée uniquement pas de délicates mains féminines, un choix du patron de la fromagerie Tyrode.",42480,false,2015-10-27T17:57:00Z,29,false,Couleurs locales
7218620,histoire,7218620,"Espagne, la nouvelle donne","Fin 2015, l'Espagne organise des élections générales qui pourraient bousculer la vie politique et économique du pays. Car la crise est partout: corruption au sein du gouvernement, scandales au coeur de la monarchie, chômage, expulsions de familles en difficulté financière... Mais la révolte citoyenne est en marche.",3260200,true,2015-11-01T20:56:00Z,1645,true,Histoire vivante
7223726,histoire,7223726,"L’invité culturel: Robert Guédiguian nous présente son film ""Une histoire de fou""","Le film fou raconte les implications du génocide arménien sur les générations, à l'heure où l'on en commémore le centenaire.",571680,false,2015-11-03T11:45:00Z,380,false,12h45
7234409,histoire,7234409,Singapour: les présidents taïwanais et chinois marquent l’Histoire,C’est la première fois depuis 1945 que les dirigeants de la Chine nationaliste et communiste se retrouvent en tête-à-tête.,103960,false,2015-11-07T11:45:00Z,71,false,12h45
7235131,histoire,7235131,Chine / Rencontre: retour sur l’histoire des deux Chines,"Depuis 66 ans, ces deux pays n’ont pas cessé de se haïr tout en cherchant à se rapprocher.",135160,false,2015-11-07T18:30:00Z,224,false,19h30
7237338,histoire,7237338,Le ciel de Marignan,"1515... Date mythique synonyme de défaite pour les soldats suisses sur le champ de bataille de Marignan. L'historiographie a longtemps glorifié l'héroïsme des Confédérés. Mais que s'est-il passé, au juste? Que faisaient les soldats suisses à Milan? Pourquoi sont-ils allés se battre dans les plaines lombardes?",3231160,true,2015-11-08T19:56:00Z,2014,false,Histoire vivante
7239733,histoire,7239733,FR: le Musée d'art et d'histoire (MAHF) met le patrimoine du canton à l'honneur,"160 objets sans véritable rapport entre eux sont exposés, à l'exception d'un lien très fort avec Fribourg.",140040,false,2015-11-09T17:57:00Z,35,false,Couleurs locales
7256558,histoire,7256558,Un village empoisonné par la CIA? Pont-Saint-Esprit 1951,"Des documents déclassifiés prouvent que la CIA a utilisé des cobayes humains à leur insu. Par exemple en 1951, dans le village français de Pont-Saint-Esprit, où les habitants furent pris d'une crise de folie conduisant sept personnes à la mort. Ailleurs: irradiations, électrochocs et drogues ont servi les macabres desseins de la CIA.",3385760,true,2015-11-15T21:35:00Z,1170,true,Histoire vivante
7256829,histoire,7256829,Djihad 2.0,Les organisations terroristes maîtrisent parfaitement l'utilisation des réseaux sociaux et la production de vidéos ultra-violentes. Quels sont les codes utilisés? Comment cette propagande 2.0 réussit-elle à séduire des centaines de jeunes occidentaux? Qui sont ces redoutables cyber-recruteurs? Comment lutter contre ces méthodes? Décryptage.,3037200,true,2015-11-15T21:36:00Z,5566,true,Histoire vivante
77048,science,77048,Jungfraujoch: de la science haute-perchée,,379750,false,2009-10-26T16:40:00Z,71,false,Dolce vita
785468,science,785468,"L'invité culturel: l'écrivain Jean-François Thomas pour ""Défricheurs d'imaginaire"", une anthologie de la science-fiction romande",,226000,false,2009-04-23T10:45:00Z,84,false,12h45
819700,science,819700,"Le Festival Science et Cité parcourt la Suisse romande, reportage à Neuchâtel","Les dangers qui menacent la planète y sont expliqués aux enfants. Beaucoup d'informations sont donc livrées, sans être rébarbatives pour autant.",124018,false,2009-08-21T10:45:00Z,165,false,12h45
87106,science,87106,A quoi sert la science fondamentale ?,,300000,true,2006-04-07T16:05:00Z,255,false,Le court du jour
94869,geographie,94869,Bernhard Fuhrer: la géographie économique,,196549,true,2007-10-03T16:00:00Z,241,false,Le court du jour
